专区,品牌编号,品牌名称,优惠券名称,优惠金额,满减门槛,优惠描述,券类型,使用限制,总数量,已领取
精选,,,9.9自营免邮券丨京东快递,9,9.9,满9.9减9,freight,nolimit,0,23085
精选,,,8元京东快递自营运费券丨新人专属,8,1,满1减8,freight,nolimit,0,7474
精选,,,30元面板定制新人专享优惠券,30,0,30元,product,nolimit,0,6585
精选,,,海外代购TI.COM渠道优惠券,1000,30000,满30000减1000,product,nolimit,0,4159
精选,,,海外代购TI.COM渠道优惠券,450,15000,满15000减450,product,nolimit,0,3410
精选,,,400元合作库存专属商品券,400,30000,满30000减400,product,nolimit,4000,1232
精选,,,300元海外代购券,300,20000,满20000减300,product,nolimit,0,5945
精选,,,200元合作库存专属商品券,200,20000,满20000减200,product,nolimit,4000,1354
精选,,,海外代购TI.COM渠道优惠券,150,5000,满5000减150,product,nolimit,0,3249
精选,,,100元合作库存专属商品券,100,12000,满12000减100,product,nolimit,4000,1458
精选,,,25元工业品新客首单券,25,50,满50减25,product,nolimit,4000,418
样品券,12099,Chinocera(华瓷),<品牌新人>15元华瓷品牌商品券,15,16,满16减15,product,order,4000,3785
样品券,13046,FOJAN(富捷),15元富捷品牌商品券,15,20,满20减15,product,order,2000,1864
样品券,15352,R+O(宏嘉诚),<品牌新人>20元宏嘉诚品牌商品券,20,21,满21减20,product,order,4000,3344
样品券,12579,NJGW(南京国微),30元南京国微品牌商品券,30,200,满200减30,product,order,4000,216
样品券,15342,SILION(芯联创展),30元芯联创展品牌商品券,30,100,满100减30,product,order,4000,212
样品券,11440,Sunltech(顺磁),30元顺磁品牌商品券,30,500,满500减30,product,order,1000,281
样品券,12376,TWGMC(迪嘉),30元迪嘉品牌商品券,30,200,满200减30,product,order,4000,280
样品券,15349,WXNSIC(国硅集成),30元国硅集成品牌商品券,30,300,满300减30,product,order,2000,203
样品券,12165,Yuandi(元迪),30元元迪品牌商品券,30,300,满300减30,product,order,4000,228
样品券,287,YXC(扬兴晶振),30元扬兴晶振品牌商品券,30,600,满600减30,product,order,4000,474
样品券,16049,Magnetsyc(元磁),30元元磁品牌商品券,30,200,满200减30,product,order,4000,249
样品券,12572,SM Switch,30元SM Switch品牌商品券,30,200,满200减30,product,order,4000,234
样品券,11869,CENKER(岑科),30元岑科品牌商品券,30,100,满100减30,product,order,4000,246
样品券,13155,ABC(千如),30元千如品牌商品券,30,200,满200减30,product,order,4000,222
样品券,18565,JMEconn(文章济美),30元文章济美品牌商品券,30,200,满200减30,product,order,0,211
样品券,24911,Guiguang light(桂光光电),30元桂光光电品牌商品券,30,200,满200减30,product,order,4000,254
样品券,17375,APSEMI(先进光),30元先进光品牌商品券,30,100,满100减30,product,order,0,216
样品券,12191,ceaiya(柯爱亚),30元柯爱亚品牌商品券,30,300,满300减30,product,order,0,186
样品券,15818,CX(长兴),30元长兴品牌商品券,30,60,满60减30,product,order,4000,252
样品券,18721,GMIC(绿微),30元绿微品牌商品券,30,200,满200减30,product,order,0,228
样品券,12047,HCI(杭晶),30元杭晶品牌商品券,30,300,满300减30,product,order,2000,241
样品券,11947,JGHC(晶光华),30元晶光华品牌商品券,30,300,满300减30,product,order,0,209
样品券,11438,HEXIN(禾芯微),30元禾芯微品牌商品券,30,300,满300减30,product,order,0,183
样品券,15466,LX(连欣科技),30元连欣科技品牌商品券,30,300,满300减30,product,order,3000,215
样品券,16013,MyAntenna(摩天射频),30元摩天射频品牌商品券,30,300,满300减30,product,order,4000,181
样品券,11853,UMW(友台半导体),30元友台半导体品牌商品券,30,500,满500减30,product,order,4000,467
样品券,18673,YOUCHI(佑驰),30元佑驰品牌商品券,30,100,满100减30,product,order,0,205
样品券,15555,GR(国睿),30元国睿品牌商品券,30,300,满300减30,product,order,4000,201
样品券,15462,ISOMICRON(安芯微半导体),30元安芯微半导体品牌商品券,30,500,满500减30,product,order,0,191
样品券,11549,AnBon(安邦),30元安邦品牌商品券,30,200,满200减30,product,order,0,163
样品券,15302,LinkMems(聆麦声学),30元聆麦声学品牌商品券,30,200,满200减30,product,order,4000,94
样品券,12754,Linearin(先积集成),<品牌新人>30元先积集成品牌商品券,30,31,满31减30,product,order,4000,309
样品券,1207,everanalog(申风),30元申风品牌商品券,30,200,满200减30,product,order,4000,92
样品券,27277,HAOSWITCH(皓通),30元皓通品牌商品券,30,100,满100减30,product,order,0,72
样品券,17513,ChengTao(诚韬),25元诚韬品牌商品券,25,26,满26减25,product,order,4000,1335
样品券,16003,techphant(技象科技),25元技象科技品牌商品券,25,26,满26减25,product,order,4000,977
样品券,15179,AGMSEMI(芯控源),25元芯控源品牌商品券,25,100,满100减25,product,order,4000,288
样品券,17129,HMTCONN(华明通),25元华明通品牌商品券,25,100,满100减25,product,order,4000,249
样品券,16624,JXTCONN(聚兴泰),25元聚兴泰品牌商品券,25,100,满100减25,product,order,4000,324
样品券,11898,KYX(凯越翔),25元凯越翔品牌商品券,25,50,满50减25,product,order,4000,319
样品券,11930,MK(米客方德),25元米客方德品牌商品券,25,26,满26减25,product,order,4000,1166
样品券,16226,SAMZO(三佐),25元三佐品牌商品券,25,100,满100减25,product,order,4000,266
样品券,12137,SPTECH(深圳质超),25元深圳质超品牌商品券,25,50,满50减25,product,order,4000,306
样品券,11939,Truesemi(信安),25元信安品牌商品券,25,100,满100减25,product,order,4000,223
样品券,15593,XYECONN(辛译),25元辛译品牌商品券,25,100,满100减25,product,order,4000,308
样品券,16617,ZGWD(温达电子),<品牌新人>25元温达电子品牌商品券,25,26,满26减25,product,order,1000,844
样品券,15188,Cmos(广东场效应半导体),25元广东场效应半导体品牌商品券,25,100,满100减25,product,order,4000,261
样品券,13052,minos(迈诺斯),25元迈诺斯品牌商品券,25,50,满50减25,product,order,4000,330
样品券,11587,HOOYA(皓宇电子),25元皓宇电子品牌商品券,25,50,满50减25,product,order,4000,299
样品券,12460,JIERONG(捷容),25元捷容品牌商品券,25,26,满26减25,product,order,4000,980
样品券,27277,HAOSWITCH(皓通),25元皓通品牌商品券,25,26,满26减25,product,order,0,405
样品券,26882,LAILAN(莱联),20元莱联品牌商品券,20,21,满21减20,product,order,4000,1614
样品券,16282,Ruishen(瑞申电子),20元瑞申电子品牌商品券,20,200,满200减20,product,order,4000,235
样品券,11570,Dersonic(德尔创),20元德尔创品牌商品券,20,200,满200减20,product,order,4000,288
样品券,12518,suntek(洺太电子),20元洺太电子品牌商品券,20,100,满100减20,product,order,4000,242
样品券,15376,HC(虹成电子),20元虹成电子品牌商品券,20,21,满21减20,product,order,4000,2047
样品券,12021,CND-tek(磁联达),20元磁联达品牌商品券,20,21,满21减20,product,order,4000,1314
样品券,16108,BXCONN(宝讯),20元宝讯品牌商品券,20,200,满200减20,product,order,4000,268
样品券,13026,DEALON(德艺隆),20元德艺隆品牌商品券,20,200,满200减20,product,order,4000,261
样品券,15453,EVISUN(易成),20元易成品牌商品券,20,21,满21减20,product,order,4000,1388
样品券,18661,GUDIAN(固电),20元固电品牌商品券,20,100,满100减20,product,order,4000,263
样品券,991,HONOR(荣誉),<品牌新人>20元荣誉品牌商品券,20,21,满21减20,product,order,4000,829
样品券,12706,HTCSEMI(海天芯),20元海天芯品牌商品券,20,100,满100减20,product,order,4000,313
样品券,13437,HXY MOSFET(华轩阳电子),20元华轩阳电子品牌商品券,20,21,满21减20,product,order,4000,2540
样品券,419,JDTfuse(集电通),20元集电通品牌商品券,20,21,满21减20,product,order,4000,1534
样品券,13024,KUU,20元KUU品牌商品券,20,200,满200减20,product,order,4000,290
样品券,11898,KYX(凯越翔),20元凯越翔品牌商品券,20,21,满21减20,product,order,4000,1214
样品券,11956,LX(连线电子),20元连线电子品牌商品券,20,21,满21减20,product,order,4000,1228
样品券,13306,YLPTEC(易川),20元易川品牌商品券,20,21,满21减20,product,order,4000,1469
样品券,26864,YWF(宇文发),20元宇文发品牌商品券,20,21,满21减20,product,order,4000,1104
样品券,12475,ZE(增益),20元增益品牌商品券,20,200,满200减20,product,order,4000,325
样品券,12737,BZCN(博众电气),20元博众电气品牌商品券,20,100,满100减20,product,order,4000,275
样品券,15353,CAZN(正成),20元正成品牌商品券,20,21,满21减20,product,order,4000,1085
样品券,18554,JLYE(晶力源),20元晶力源品牌商品券,20,21,满21减20,product,order,4000,1142
样品券,12362,WIER(微尔),20元微尔品牌商品券,20,21,满21减20,product,order,2000,1080
样品券,12606,BNstar(比诺星),20元比诺星品牌商品券,20,21,满21减20,product,order,4000,1051
样品券,18832,luJing(鲁晶),20元鲁晶品牌商品券,20,100,满100减20,product,order,4000,264
样品券,11630,SCTF(星通时频),20元星通时频品牌商品券,20,200,满200减20,product,order,4000,273
样品券,24398,FAUKU(高芯电子),20元高芯电子品牌商品券,20,21,满21减20,product,order,4000,1171
样品券,11729,Legion(六钧),20元六钧品牌商品券,20,30,满30减20,product,order,4000,389
样品券,462,台湾陆海,20元台湾陆海品牌商品券,20,21,满21减20,product,order,4000,1265
样品券,16049,Magnetsyc(元磁),<商城新人>20元元磁品牌商品券,20,21,满21减20,product,order,4000,91
样品券,11965,MEIHUA(美华),20元美华品牌商品券,20,200,满200减20,product,order,4000,259
样品券,13712,RealChip(正芯半导体),20元正芯半导体品牌商品券,20,500,满500减20,product,order,4000,230
样品券,365,MetalLions(美铼),20元美铼品牌商品券,20,21,满21减20,product,order,4000,1175
样品券,15920,LX(灵星芯微),20元灵星芯微品牌商品券,20,200,满200减20,product,order,0,247
样品券,12667,MSKSEMI(美森科),20元美森科品牌商品券,20,200,满200减20,product,order,0,460
样品券,16314,LINKEYCON(联盈控),20元联盈控品牌商品券,20,21,满21减20,product,order,0,968
样品券,283,MPS(芯源),20元MPS品牌商品券,20,100,满100减20,product,order,4000,255
样品券,11450,HT(金誉),20元金誉品牌商品券,20,100,满100减20,product,order,0,94
样品券,11439,HKT(合科泰),20元合科泰品牌商品券,20,200,满200减20,product,order,4000,129
样品券,27312,HEGA(和佳),20元和佳品牌商品券,20,100,满100减20,product,order,4000,96
样品券,15768,ReSine PS(瑞鑫),20元瑞鑫品牌商品券,20,60,满60减20,product,order,4000,96
样品券,283,MPS(芯源),MPS机器人指定物料优惠券,20,25,满25减20,product,order,1000,182
样品券,18771,XHXDZ(兴华鑫),<品牌新人>15元兴华鑫品牌商品券,15,16,满16减15,product,order,4000,921
样品券,16268,同晶,<品牌新人>15元同晶品牌指定类目商品券,15,16,满16减15,product,order,4000,718
样品券,15954,FOLLON(富隆电子),15元富隆电子品牌商品券,15,16,满16减15,product,order,4000,1354
样品券,12131,Milliohm(毫欧),15元毫欧品牌商品券,15,16,满16减15,product,order,4000,2080
样品券,16282,Ruishen(瑞申电子),15元瑞申电子品牌商品券,15,30,满30减15,product,order,4000,393
样品券,11353,SXN(顺翔诺),15元顺翔诺品牌商品券,15,16,满16减15,product,order,4000,1623
样品券,15503,HYDZ(华宇),<品牌新人>15元华宇品牌商品券,15,16,满16减15,product,order,4000,691
样品券,15863,ACMECON(鼎容),15元鼎容品牌商品券,15,16,满16减15,product,order,4000,1170
样品券,11570,Dersonic(德尔创),15元德尔创品牌商品券,15,16,满16减15,product,order,4000,1313
样品券,12498,DMBJ(振宝佳),15元振宝佳品牌商品券,15,16,满16减15,product,order,4000,1366
样品券,851,ROQANG(容强),15元容强品牌商品券,15,20,满20减15,product,order,4000,766
样品券,11597,STE(松田),15元松田品牌商品券,15,16,满16减15,product,order,4000,1282
样品券,26942,HC(华橙熊猫),15元华橙熊猫品牌商品券,15,30,满30减15,product,order,4000,743
样品券,12389,G-Switch(品赞),15元品赞品牌商品券,15,16,满16减15,product,order,4000,1729
样品券,11478,KANGNEX(康奈克斯电气),<品牌新人>15元康奈克斯电气品牌商品券,15,16,满16减15,product,order,4000,676
样品券,12518,suntek(洺太电子),15元洺太电子品牌商品券,15,16,满16减15,product,order,4000,991
样品券,12006,UMaxconn(友贸),15元友贸品牌商品券,15,16,满16减15,product,order,4000,946
样品券,17409,XNRUSEMI(新锐),15元新锐品牌商品券,15,16,满16减15,product,order,4000,1554
样品券,11914,KEXIN(科信),<品牌新人>15元科信品牌商品券,15,16,满16减15,product,order,4000,785
样品券,12515,Hallwee(霍尔微电子),15元霍尔微电子品牌商品券,15,16,满16减15,product,order,4000,965
样品券,12356,Vollgo(沃进),15元沃进品牌商品券,15,16,满16减15,product,order,4000,1053
样品券,15765,DLL(德利),15元德利品牌商品券,15,30,满30减15,product,order,4000,442
样品券,11743,LGE(鲁光),15元鲁光品牌商品券,15,16,满16减15,product,order,4000,1383
样品券,11687,XUNPU(讯普),15元讯普品牌商品券,15,16,满16减15,product,order,4000,2417
样品券,12329,Amicc(欧密格光电),15元欧密格光电品牌商品券,15,20,满20减15,product,order,4000,466
样品券,11549,AnBon(安邦),15元安邦品牌商品券,15,16,满16减15,product,order,4000,927
样品券,15783,AOTE(奥特),15元奥特品牌商品券,15,16,满16减15,product,order,4000,1192
样品券,15280,APV(爱普微),15元爱普微品牌商品券,15,16,满16减15,product,order,4000,1572
样品券,12175,BAT WIRELESS(蝙蝠无线),15元蝙蝠无线品牌商品券,15,16,满16减15,product,order,4000,1182
样品券,12424,BHFUSE(佰宏),15元佰宏品牌商品券,15,16,满16减15,product,order,4000,1262
样品券,15742,cntitle(中戈泰斗),15元中戈泰斗品牌商品券,15,16,满16减15,product,order,4000,857
样品券,16607,DOINGTER(杜因特),15元杜因特品牌商品券,15,16,满16减15,product,order,4000,1249
样品券,11964,DORABO(地博电气),15元地博电气品牌商品券,15,16,满16减15,product,order,4000,1396
样品券,18256,Econd(米朗电子),15元米朗电子品牌商品券,15,16,满16减15,product,order,4000,1184
样品券,13136,FC(方成),15元方成品牌商品券,15,100,满100减15,product,order,4000,381
样品券,12245,GOODWORK(固得沃克),15元固得沃克品牌商品券,15,16,满16减15,product,order,4000,2219
样品券,24911,Guiguang light(桂光光电),15元桂光光电品牌商品券,15,16,满16减15,product,order,4000,1365
样品券,27312,HEGA(和佳),15元和佳品牌商品券,15,16,满16减15,product,order,4000,860
样品券,15538,Bossie(博锡),15元博锡品牌商品券,15,16,满16减15,product,order,4000,1240
样品券,16108,BXCONN(宝讯),15元宝讯品牌商品券,15,16,满16减15,product,order,4000,1345
样品券,11602,Coilank(驰兴电感),15元驰兴电感品牌商品券,15,16,满16减15,product,order,4000,1385
样品券,13026,DEALON(德艺隆),<品牌新人>15元德艺隆品牌商品券,15,16,满16减15,product,order,4000,759
样品券,12635,FG(富港),15元富港品牌商品券,15,16,满16减15,product,order,4000,1111
样品券,12406,FUXINSEMI(富芯森美),15元富芯森美品牌商品券,15,16,满16减15,product,order,4000,1386
样品券,11681,GN(旌芯半导体),15元旌芯半导体品牌商品券,15,16,满16减15,product,order,4000,920
样品券,15555,GR(国睿),15元国睿品牌商品券,15,16,满16减15,product,order,4000,1203
样品券,18661,GUDIAN(固电),15元固电品牌商品券,15,16,满16减15,product,order,4000,1059
样品券,15277,HanElectricity(瀚源),15元瀚源品牌商品券,15,16,满16减15,product,order,4000,2107
样品券,14053,hanxia(韩下),15元韩下品牌商品券,15,16,满16减15,product,order,4000,2130
样品券,12343,HEERMICR(赫尔半导体),15元赫尔半导体品牌商品券,15,16,满16减15,product,order,4000,961
样品券,16616,Hengtuo(恒拓电子),15元恒拓电子品牌商品券,15,20,满20减15,product,order,4000,527
样品券,15271,HenryTech(恒利泰),15元恒利泰品牌商品券,15,16,满16减15,product,order,4000,1101
样品券,17129,HMTCONN(华明通),15元华明通品牌商品券,15,16,满16减15,product,order,4000,1125
样品券,11834,HOAUC(华宇创),<品牌新人>15元华宇创品牌商品券,15,16,满16减15,product,order,4000,588
样品券,12706,HTCSEMI(海天芯),15元海天芯品牌商品券,15,16,满16减15,product,order,4000,1437
样品券,13318,Huixin(慧芯),<品牌新人>15元慧芯品牌商品券,15,16,满16减15,product,order,4000,665
样品券,11954,JETEKPS(健特),<品牌新人>15元健特品牌商品券,15,16,满16减15,product,order,4000,592
样品券,11947,JGHC(晶光华),<品牌新人>15元晶光华品牌商品券,15,16,满16减15,product,order,4000,539
样品券,15459,JNJOPTO(强生光电),15元强生光电品牌商品券,15,16,满16减15,product,order,4000,989
样品券,13374,JUXING(钜兴),15元钜兴品牌商品券,15,16,满16减15,product,order,4000,1046
样品券,16624,JXTCONN(聚兴泰),15元聚兴泰品牌商品券,15,16,满16减15,product,order,4000,1395
样品券,11647,kinghelm(金航标),15元金航标品牌商品券,15,16,满16减15,product,order,4000,1690
样品券,12108,KNSCHA(科尼盛),<品牌新人>15元科尼盛品牌商品券,15,16,满16减15,product,order,4000,960
样品券,13024,KUU,15元KUU品牌商品券,15,16,满16减15,product,order,4000,1142
样品券,14041,LanTu Micro(蓝图微电),15元蓝图微电品牌商品券,15,16,满16减15,product,order,4000,1058
样品券,26727,LINGQIANG(领强),15元领强品牌商品券,15,16,满16减15,product,order,4000,859
样品券,12139,Liown(里阳半导体),15元里阳半导体品牌商品券,15,16,满16减15,product,order,4000,918
样品券,15752,LKWIC(瓴科微),15元瓴科微品牌商品券,15,30,满30减15,product,order,4000,400
样品券,15464,LUTE(陆特),15元陆特品牌商品券,15,16,满16减15,product,order,4000,1236
样品券,15340,Megastar(兆星),15元兆星品牌商品券,15,16,满16减15,product,order,4000,1780
样品券,15356,NH(纽航),15元纽航品牌商品券,15,16,满16减15,product,order,4000,972
样品券,17208,Nyfea(徕飞),15元徕飞品牌商品券,15,16,满16减15,product,order,4000,1009
样品券,12072,PROD(谱罗德),15元谱罗德品牌商品券,15,16,满16减15,product,order,4000,1327
样品券,15768,ReSine PS(瑞鑫),15元瑞鑫品牌商品券,15,16,满16减15,product,order,4000,844
样品券,1117,RUILON(瑞隆源),15元瑞隆源品牌商品券,15,16,满16减15,product,order,4000,1213
样品券,16226,SAMZO(三佐),15元三佐品牌商品券,15,16,满16减15,product,order,4000,1245
样品券,1138,SHIKUES(时科),<品牌新人>15元时科品牌商品券,15,16,满16减15,product,order,4000,682
样品券,15945,Siliup(矽普),15元矽普品牌商品券,15,16,满16减15,product,order,4000,1317
样品券,1218,SOFNG(硕方),15元硕方品牌商品券,15,16,满16减15,product,order,4000,1084
样品券,12685,SOREDE(索瑞达),15元索瑞达品牌商品券,15,16,满16减15,product,order,4000,962
样品券,12464,Starwave(思大),15元思大品牌商品券,15,16,满16减15,product,order,4000,864
样品券,1195,SUNMATE(森美特),<品牌新人>15元森美特品牌商品券,15,16,满16减15,product,order,4000,532
样品券,12247,SURGING(绍鑫),15元绍鑫品牌商品券,15,16,满16减15,product,order,4000,931
样品券,13178,TDD(台冠电子),15元台冠电子品牌商品券,15,16,满16减15,product,order,4000,868
样品券,27056,TDO(冠显光电),15元冠显光电品牌商品券,15,100,满100减15,product,order,4000,350
样品券,12241,TECH PUBLIC(台舟),15元台舟品牌商品券,15,16,满16减15,product,order,4000,2331
样品券,11541,TOGIALED(统佳),15元统佳品牌商品券,15,16,满16减15,product,order,4000,934
样品券,11939,Truesemi(信安),<品牌新人>15元信安品牌商品券,15,16,满16减15,product,order,4000,607
样品券,16038,Tudi(钍地半导体),15元钍地半导体品牌商品券,15,16,满16减15,product,order,4000,1101
样品券,12297,TUOZHAN(拓展光电),15元拓展光电品牌商品券,15,16,满16减15,product,order,4000,1181
样品券,12761,WF(伟烽),15元伟烽品牌商品券,15,16,满16减15,product,order,4000,840
样品券,15171,WingTAT(格林柏),15元格林柏品牌商品券,15,16,满16减15,product,order,4000,854
样品券,15584,XBLW(芯伯乐),15元芯伯乐品牌商品券,15,16,满16减15,product,order,4000,1745
样品券,12130,XFCN(兴飞),15元兴飞品牌商品券,15,16,满16减15,product,order,4000,3851
样品券,12469,XINGLIGHT(成兴光),15元成兴光品牌商品券,15,16,满16减15,product,order,4000,1840
样品券,15267,XR(祥如),15元祥如品牌商品券,15,16,满16减15,product,order,4000,1527
样品券,15593,XYECONN(辛译),15元辛译品牌商品券,15,16,满16减15,product,order,4000,1214
样品券,12113,yezhan(业展),15元业展品牌商品券,15,16,满16减15,product,order,4000,1029
样品券,12510,YFW(佑风微),<品牌新人>15元佑风微品牌商品券,15,16,满16减15,product,order,4000,583
样品券,11837,YJYCOIN(益嘉源),<品牌新人>15元益嘉源品牌商品券,15,16,满16减15,product,order,4000,691
样品券,13025,YONGYUTAI(永裕泰),15元永裕泰品牌商品券,15,16,满16减15,product,order,4000,1374
样品券,12475,ZE(增益),15元增益品牌商品券,15,16,满16减15,product,order,4000,1301
样品券,12520,ZHIDE(志得),15元志得品牌商品券,15,20,满20减15,product,order,4000,443
样品券,966,国星光电,<品牌新人>15元国星光电品牌商品券,15,16,满16减15,product,order,4000,535
样品券,947,韩国韩荣,15元韩国韩荣品牌商品券,15,16,满16减15,product,order,4000,1552
样品券,13447,康深,15元康深品牌商品券,15,16,满16减15,product,order,4000,841
样品券,12580,欧思科光电,15元欧思科光电品牌商品券,15,16,满16减15,product,order,2000,700
样品券,12454,众驰电子,15元众驰电子品牌商品券,15,16,满16减15,product,order,4000,979
样品券,25059,Cansec Wireless(加安电子),15元加安电子品牌商品券,15,16,满16减15,product,order,4000,767
样品券,24412,CCX(晁禾),15元晁禾品牌商品券,15,16,满16减15,product,order,4000,822
样品券,24904,chipfountain(芯涛微),15元芯涛微品牌商品券,15,16,满16减15,product,order,4000,773
样品券,11934,COILMX(迈翔科技),<品牌新人>15元迈翔科技品牌商品券,15,16,满16减15,product,order,4000,712
样品券,15461,CTR(长泰尔电子),<品牌新人>15元长泰尔电子品牌商品券,15,20,满20减15,product,order,2000,356
样品券,12428,DEXU(德旭电子),15元德旭电子品牌商品券,15,16,满16减15,product,order,4000,882
样品券,15598,DIANWEI(钿威科技),15元钿威科技品牌商品券,15,16,满16减15,product,order,4000,759
样品券,11933,DreamLNK(骏晔科技),15元骏晔科技品牌商品券,15,16,满16减15,product,order,3000,869
样品券,857,EG(屹晶微),15元屹晶微品牌商品券,15,16,满16减15,product,order,4000,1189
样品券,16251,Existar(毅芯达),<品牌新人>15元毅芯达品牌商品券,15,16,满16减15,product,order,4000,538
样品券,15732,Full-Way(四方杰芯),15元四方杰芯品牌商品券,15,16,满16减15,product,order,4000,835
样品券,11866,GDHUIZHI(汇智),15元汇智品牌商品券,15,16,满16减15,product,order,4000,796
样品券,16030,GODETEK(皋德科技),15元皋德科技品牌商品券,15,20,满20减15,product,order,4000,434
样品券,11741,Hichips(智芯),<品牌新人>15元智芯品牌商品券,15,16,满16减15,product,order,4000,613
样品券,13168,HRK(鸿瑞凯电子),15元鸿瑞凯电子品牌商品券,15,16,满16减15,product,order,4000,1137
样品券,15462,ISOMICRON(安芯微半导体),15元安芯微半导体品牌商品券,15,16,满16减15,product,order,4000,890
样品券,16697,JBL(金比莱),<品牌新人>15元金比莱品牌商品券,15,16,满16减15,product,order,4000,636
样品券,11601,JCHL(晶创和立),15元晶创和立品牌商品券,15,16,满16减15,product,order,4000,810
样品券,15617,jianfu(键富),15元键富品牌商品券,15,16,满16减15,product,order,4000,800
样品券,11870,JILN(锦凌),<品牌新人>15元锦凌品牌商品券,15,16,满16减15,product,order,4000,589
样品券,18565,JMEconn(文章济美),15元文章济美品牌商品券,15,16,满16减15,product,order,4000,823
样品券,17201,JTD(晶泰达),15元晶泰达品牌商品券,15,16,满16减15,product,order,4000,1021
样品券,12354,JWD(经纬达),15元经纬达品牌商品券,15,30,满30减15,product,order,4000,354
样品券,12351,KOHERelec(科或),15元科或品牌商品券,15,16,满16减15,product,order,4000,882
样品券,11973,KYET(科雅),15元科雅品牌商品券,15,16,满16减15,product,order,4000,1124
样品券,23848,LCKELEC(联晟欣),15元联晟欣品牌商品券,15,16,满16减15,product,order,4000,1032
样品券,12535,LEADER(立得),<品牌新人>15元立得品牌商品券,15,16,满16减15,product,order,4000,577
样品券,1185,MagnaChip(美格纳),15元美格纳品牌商品券,15,16,满16减15,product,order,4000,857
样品券,15187,MAX(迈旭),15元迈旭品牌商品券,15,16,满16减15,product,order,4000,1081
样品券,15921,MiRelay(米高莱),15元米高莱品牌商品券,15,20,满20减15,product,order,4000,402
样品券,12133,NYBOXING(尼博星),15元尼博星品牌商品券,15,16,满16减15,product,order,4000,883
样品券,15762,OSEN(欧芯),15元欧芯品牌商品券,15,100,满100减15,product,order,4000,343
样品券,15934,QLRELAY,15元QLRELAY品牌商品券,15,20,满20减15,product,order,4000,431
样品券,13369,PAKER(派克微),15元派克微品牌商品券,15,16,满16减15,product,order,4000,894
样品券,15240,Huiyuan crystal(惠源晶工),15元惠源晶工品牌商品券,15,30,满30减15,product,order,4000,341
样品券,17333,QNHCHIP(乾能惠),<品牌新人>15元乾能惠品牌商品券,15,16,满16减15,product,order,4000,616
样品券,15297,REASUNOS(瑞森半导体),15元瑞森半导体品牌商品券,15,20,满20减15,product,order,4000,451
样品券,11883,S&S(海旭),<品牌新人>15元海旭品牌商品券,15,16,满16减15,product,order,4000,669
样品券,12177,Semiment(赛卓),15元赛卓品牌商品券,15,23,满23减15,product,order,4000,369
样品券,17425,SHENGYANG(升阳),15元升阳品牌商品券,15,16,满16减15,product,order,4000,1062
样品券,25186,SHETIME(高钺达),15元高钺达品牌商品券,15,16,满16减15,product,order,4000,879
样品券,12658,Silicontra(硅传科技),15元硅传科技品牌商品券,15,30,满30减15,product,order,4000,343
样品券,12089,Silicore(芯谷),15元芯谷品牌商品券,15,100,满100减15,product,order,4000,302
样品券,12705,Silverlight(银月光),<品牌新人>15元银月光品牌商品券,15,16,满16减15,product,order,4000,561
样品券,11694,Siproin(上海矽朋),15元上海矽朋品牌商品券,15,16,满16减15,product,order,4000,1175
样品券,13181,SOSET(索斯特),<品牌新人>15元索斯特品牌商品券,15,16,满16减15,product,order,4000,554
样品券,12028,SUNGMUN(韩国星炆电子),<品牌新人>15元韩国星炆电子品牌商品券,15,16,满16减15,product,order,4000,618
样品券,12547,TFSS(德律风根),15元德律风根品牌商品券,15,16,满16减15,product,order,4000,763
样品券,11696,TKD(泰晶),15元泰晶品牌商品券,15,16,满16减15,product,order,4000,931
样品券,11941,TPOWER(天源),15元天源品牌商品券,15,16,满16减15,product,order,4000,871
样品券,1250,worldsemi,15元worldsemi品牌商品券,15,16,满16减15,product,order,4000,1083
样品券,13320,Xinyangze(鑫扬泽),15元鑫扬泽品牌商品券,15,16,满16减15,product,order,4000,825
样品券,16031,XUMAO(旭茂微),15元旭茂微品牌商品券,15,16,满16减15,product,order,4000,878
样品券,15465,Yxcon(宇熙精密),15元宇熙精密品牌商品券,15,16,满16减15,product,order,4000,860
样品券,825,ZHHXDZ(海芯电子),15元海芯电子品牌商品券,15,30,满30减15,product,order,4000,394
样品券,15966,Zhongdi(众迪),15元众迪品牌商品券,15,16,满16减15,product,order,4000,814
样品券,12085,Ziisor(致哲),15元致哲品牌商品券,15,50,满50减15,product,order,4000,309
样品券,11876,ZOEYGO(中逸光),<品牌新人>15元中逸光品牌商品券,15,16,满16减15,product,order,1000,499
样品券,18366,Zoomdo(震东电子),15元震东电子品牌商品券,15,30,满30减15,product,order,4000,311
样品券,12372,巴丁微,15元巴丁微品牌商品券,15,30,满30减15,product,order,4000,341
样品券,12550,国芯佳品,15元国芯佳品品牌商品券,15,30,满30减15,product,order,4000,355
样品券,12507,皇捷,15元皇捷品牌商品券,15,16,满16减15,product,order,4000,885
样品券,18751,深海电子,15元深海电子品牌商品券,15,16,满16减15,product,order,4000,849
样品券,11854,baocheng(宝乘),15元宝乘品牌商品券,15,16,满16减15,product,order,4000,1167
样品券,27274,ES(恩盛),15元恩盛品牌商品券,15,16,满16减15,product,order,4000,874
样品券,11393,BORN(伯恩半导体),<品牌新人>15元伯恩半导体品牌商品券,15,16,满16减15,product,order,4000,829
样品券,11948,Leiditech(雷卯电子),15元雷卯电子品牌商品券,15,16,满16减15,product,order,4000,932
样品券,18832,luJing(鲁晶),15元鲁晶品牌商品券,15,16,满16减15,product,order,4000,904
样品券,164,MDD(辰达半导体),<品牌新人>15元MDD品牌商品券,15,16,满16减15,product,order,4000,840
样品券,12579,NJGW(南京国微),<商城新人>15元南京国微品牌商品券,15,20,满20减15,product,order,4000,69
样品券,11761,RESI(开步睿思),15元开步睿思品牌指定类目商品券,15,16,满16减15,product,order,4000,1027
样品券,11630,SCTF(星通时频),15元星通时频品牌商品券,15,16,满16减15,product,order,4000,1165
样品券,11440,Sunltech(顺磁),<品牌新人>15元顺磁品牌商品券,15,16,满16减15,product,order,4000,646
样品券,12376,TWGMC(迪嘉),15元迪嘉品牌商品券,15,16,满16减15,product,order,4000,1467
样品券,15349,WXNSIC(国硅集成),15元国硅集成品牌商品券,15,16,满16减15,product,order,2000,912
样品券,12165,Yuandi(元迪),15元元迪品牌商品券,15,16,满16减15,product,order,4000,1039
样品券,287,YXC(扬兴晶振),<品牌新人>15元扬兴晶振品牌商品券,15,16,满16减15,product,order,4000,853
样品券,27131,领晨,15元领晨品牌商品券,15,16,满16减15,product,order,4000,826
样品券,15272,Forsinve(福芯微),15元福芯微品牌商品券,15,16,满16减15,product,order,4000,868
样品券,15325,GOSEMICON(顾邦半导体),15元顾邦半导体品牌商品券,15,20,满20减15,product,order,4000,502
样品券,15257,Lucki(蓝晶),15元蓝晶品牌商品券,15,16,满16减15,product,order,4000,874
样品券,11880,MINTRON(明硕),15元明硕品牌商品券,15,16,满16减15,product,order,4000,944
样品券,25253,Zhongke Wireless(中科无线),15元中科无线品牌商品券,15,16,满16减15,product,order,4000,884
样品券,18504,如般微,15元如般微品牌商品券,15,20,满20减15,product,order,4000,462
样品券,13045,FOSAN(富捷/富信),15元富信品牌商品券,15,16,满16减15,product,order,4000,1321
样品券,1056,SRD(圣融达),15元圣融达品牌商品券,15,16,满16减15,product,order,4000,947
样品券,27055,CHK(今凯),15元今凯品牌商品券,15,16,满16减15,product,order,1000,797
样品券,18591,DDY(德立)/MYX(铭易轩),15元铭易轩品牌指定类目商品券,15,16,满16减15,product,order,4000,925
样品券,12572,SM Switch,15元SM Switch品牌商品券,15,16,满16减15,product,order,4000,897
样品券,12025,HANBO(汉博),15元汉博品牌商品券,15,16,满16减15,product,order,4000,1377
样品券,13293,saiya(赛亚),15元赛亚品牌商品券,15,20,满20减15,product,order,4000,423
样品券,11869,CENKER(岑科),15元岑科品牌商品券,15,20,满20减15,product,order,4000,454
样品券,25051,LXWCONN(连兴旺电子),15元连兴旺电子品牌商品券,15,16,满16减15,product,order,4000,1002
样品券,11586,HYP(鸿源精密),<品牌新人>15元鸿源精密品牌商品券,15,16,满16减15,product,order,1000,595
样品券,11965,MEIHUA(美华),15元美华品牌商品券,15,16,满16减15,product,order,4000,1055
样品券,17395,Waferbest(匠芯微),15元匠芯微品牌商品券,15,16,满16减15,product,order,4000,931
样品券,13155,ABC(千如),<品牌新人>15元千如品牌商品券,15,16,满16减15,product,order,4000,617
样品券,11537,INGHAi(赢海),<品牌新人>15元赢海品牌商品券,15,16,满16减15,product,order,4000,622
样品券,12425,VISOM,15元VISOM品牌商品券,15,16,满16减15,product,order,4000,840
样品券,13426,ARK(方舟微),15元方舟微品牌商品券,15,16,满16减15,product,order,4000,896
样品券,11999,UNI-SEMIC(宇力半导体),15元宇力半导体品牌商品券,15,16,满16减15,product,order,4000,1071
样品券,13493,Zhengxin(正芯),15元正芯品牌商品券,15,16,满16减15,product,order,4000,1203
样品券,13712,RealChip(正芯半导体),<品牌新人>15元正芯半导体品牌商品券,15,16,满16减15,product,order,4000,615
样品券,11401,TOPAZCON(黄宝石),15元黄宝石品牌商品券,15,16,满16减15,product,order,4000,1089
样品券,15372,CHIN-BAN(勤本),15元勤本品牌指定类目商品券,15,16,满16减15,product,order,3000,907
样品券,18304,WALSON(万盛),<品牌新人>15元万盛品牌商品券,15,16,满16减15,product,order,1000,589
样品券,11425,cjiang(长江微电),<品牌新人>15元长江微电品牌商品券,15,16,满16减15,product,order,4000,614
样品券,15179,AGMSEMI(芯控源),15元芯控源品牌商品券,15,50,满50减15,product,order,0,435
样品券,17375,APSEMI(先进光),15元先进光品牌商品券,15,16,满16减15,product,order,0,701
样品券,12353,CAX(创都),15元创都品牌商品券,15,16,满16减15,product,order,0,1045
样品券,12191,ceaiya(柯爱亚),<品牌新人>15元柯爱亚品牌商品券,15,16,满16减15,product,order,0,414
样品券,16239,CH(创慧电子),15元创慧电子品牌商品券,15,16,满16减15,product,order,2000,1136
样品券,1262,Ckmtw(灿科盟),<品牌新人>15元灿科盟品牌商品券,15,16,满16减15,product,order,4000,477
样品券,15818,CX(长兴),15元长兴品牌商品券,15,25,满25减15,product,order,4000,334
样品券,1186,CYT(长运通),15元长运通品牌商品券,15,16,满16减15,product,order,0,631
样品券,15481,Dragonstate(华龙),15元华龙品牌商品券,15,16,满16减15,product,order,0,760
样品券,18721,GMIC(绿微),15元绿微品牌商品券,15,16,满16减15,product,order,0,951
样品券,15941,Guangcai Display(光彩显示),15元光彩显示品牌商品券,15,16,满16减15,product,order,1000,724
样品券,25414,Gyunrui(云睿),15元云睿品牌商品券,15,16,满16减15,product,order,0,732
样品券,12047,HCI(杭晶),15元杭晶品牌商品券,15,16,满16减15,product,order,2000,917
样品券,12732,HCTL(华灿天禄),15元华灿天禄品牌商品券,15,16,满16减15,product,order,0,1789
样品券,12303,HD(浩都频率),<品牌新人>15元浩都频率品牌商品券,15,16,满16减15,product,order,4000,433
样品券,11438,HEXIN(禾芯微),<品牌新人>15元禾芯微品牌商品券,15,16,满16减15,product,order,0,468
样品券,15355,HUAXIN(华昕),15元华昕品牌商品券,15,16,满16减15,product,order,0,725
样品券,12450,HYHONGYEX(宏业),<品牌新人>15元宏业品牌商品券,15,16,满16减15,product,order,1000,462
样品券,13495,JARSON(伽盛),15元伽盛品牌商品券,15,16,满16减15,product,order,0,760
样品券,349,JS(钜硕电子),15元钜硕电子品牌商品券,15,16,满16减15,product,order,0,1139
样品券,12202,JYJE(晶友嘉),15元晶友嘉品牌商品券,15,20,满20减15,product,order,1000,366
样品券,17159,Khon(康宏电子),15元康宏电子品牌商品券,15,16,满16减15,product,order,0,721
样品券,15592,KTP(科泰普),15元科泰普品牌商品券,15,16,满16减15,product,order,2000,889
样品券,11995,LR(朗瑞),<品牌新人>15元朗瑞品牌商品券,15,16,满16减15,product,order,0,431
样品券,15466,LX(连欣科技),<品牌新人>15元连欣科技品牌商品券,15,16,满16减15,product,order,2000,479
样品券,15920,LX(灵星芯微),15元灵星芯微品牌商品券,15,16,满16减15,product,order,0,1015
样品券,12667,MSKSEMI(美森科),15元美森科品牌商品券,15,16,满16减15,product,order,0,2072
样品券,16013,MyAntenna(摩天射频),15元摩天射频品牌商品券,15,16,满16减15,product,order,5000,784
样品券,16222,SiChange(芯昌科技),15元芯昌科技品牌商品券,15,16,满16减15,product,order,1000,689
样品券,24071,SPEIPM(吉林华微斯帕克),15元吉林华微斯帕克品牌商品券,15,20,满20减15,product,order,0,318
样品券,12612,SUPSiC(国晶微半导体),15元国晶微半导体品牌商品券,15,16,满16减15,product,order,0,766
样品券,12546,TROQ(创捷),15元创捷品牌商品券,15,16,满16减15,product,order,0,727
样品券,11853,UMW(友台半导体),15元友台半导体品牌商品券,15,16,满16减15,product,order,4000,2309
样品券,941,WINSOK(微硕),15元微硕品牌指定类目商品券,15,16,满16减15,product,order,0,881
样品券,12335,WIRELESS(维尔乐思),15元维尔乐思品牌商品券,15,30,满30减15,product,order,4000,266
样品券,1181,YJX(雅晶鑫),15元雅晶鑫品牌商品券,15,16,满16减15,product,order,4000,992
样品券,18673,YOUCHI(佑驰),15元佑驰品牌商品券,15,20,满20减15,product,order,0,382
样品券,27248,柯睿,15元柯睿品牌商品券,15,16,满16减15,product,order,0,667
样品券,935,CJT(长江连接器),15元长江连接器品牌商品券,15,16,满16减15,product,order,4000,923
样品券,11450,HT(金誉),<商城新人>15元金誉品牌商品券,15,16,满16减15,product,order,0,53
样品券,11739,GTL-POWER(冠图电子),<品牌新人>15元冠图电子品牌商品券,15,16,满16减15,product,order,4000,473
样品券,12404,TCWIN(天成),<品牌新人>15元天成品牌商品券,15,16,满16减15,product,order,4000,384
样品券,13047,HDGC(华德共创),15元华德共创品牌商品券,15,16,满16减15,product,order,4000,850
样品券,18884,HH(辉焕),15元辉焕品牌商品券,15,16,满16减15,product,order,4000,655
样品券,15309,SDAPO(达普),15元达普品牌商品券,15,30,满30减15,product,order,4000,291
样品券,12581,晶扬电子,<品牌新人>15元晶扬电子品牌商品券,15,16,满16减15,product,order,4000,460
样品券,11735,精拓金,15元精拓金品牌商品券,15,16,满16减15,product,order,4000,843
样品券,16094,TDSEMIC(拓电半导体),<品牌新人>15元拓电半导体品牌商品券,15,16,满16减15,product,order,0,530
样品券,11566,HENIPER(恒浦),15元恒浦品牌商品券,15,16,满16减15,product,order,0,719
样品券,12574,ROCPU Switches(台普),15元台普品牌商品券,15,16,满16减15,product,order,0,633
样品券,12731,Mysentech(敏源传感),15元敏源传感品牌商品券,15,16,满16减15,product,order,4000,663
样品券,283,MPS(芯源),<品牌新人>15元MPS品牌商品券,15,16,满16减15,product,order,1000,595
样品券,12342,YTL(亚特联),<品牌新人>15元亚特联品牌商品券,15,16,满16减15,product,order,4000,413
样品券,11464,Yunxing(云星),<商城新人>15元云星品牌商品券,15,16,满16减15,product,order,4000,58
样品券,12317,FTR(乔光电子),15元乔光电子品牌商品券,15,30,满30减15,product,order,4000,256
样品券,18552,BAOTER(宝特),15元宝特品牌商品券,15,16,满16减15,product,order,0,569
样品券,832,HK(航顺),<品牌新人>15元航顺品牌商品券,15,16,满16减15,product,order,0,408
样品券,15548,MP(美禄科技),15元美禄科技品牌商品券,15,16,满16减15,product,order,4000,423
样品券,15265,LIGHT(莱特),15元莱特品牌商品券,15,16,满16减15,product,order,4000,337
样品券,24937,Hangyu(航昱微),15元航昱微品牌商品券,15,16,满16减15,product,order,4000,411
样品券,15786,Lewa Micro(乐瓦微电子),15元乐瓦微电子品牌商品券,15,16,满16减15,product,order,4000,410
样品券,15302,LinkMems(聆麦声学),<品牌新人>15元聆麦声学品牌商品券,15,16,满16减15,product,order,4000,242
样品券,12162,Consensic(康森斯克),15元康森斯克品牌商品券,15,16,满16减15,product,order,4000,334
样品券,1207,everanalog(申风),<品牌新人>15元申风品牌商品券,15,16,满16减15,product,order,4000,244
样品券,15535,XUNDA(讯答),15元讯答品牌商品券,15,16,满16减15,product,order,4000,434
样品券,11758,XDS(芯鼎盛),15元芯鼎盛品牌商品券,15,16,满16减15,product,order,4000,445
样品券,14038,ElecSuper(静芯),15元静芯品牌商品券,15,16,满16减15,product,order,4000,668
样品券,16599,coileasy(线易),15元线易品牌商品券,15,16,满16减15,product,order,4000,372
样品券,14048,MOT(仁懋),15元仁懋品牌商品券,15,16,满16减15,product,order,4000,519
样品券,11439,HKT(合科泰),15元合科泰品牌商品券,15,16,满16减15,product,order,4000,605
样品券,17325,MEGSINE(兆讯),15元兆讯品牌商品券,15,30,满30减15,product,order,0,157
样品券,13052,minos(迈诺斯),15元迈诺斯品牌商品券,15,16,满16减15,product,order,0,371
样品券,25382,MDM(中晶微),15元中晶微品牌商品券,15,16,满16减15,product,order,4000,273
样品券,12587,CS(创世),15元创世品牌商品券,15,100,满100减15,product,order,4000,84
样品券,11722,XKB Connection(中国星坤),15元中国星坤品牌商品券,15,16,满16减15,product,order,4000,610
样品券,16624,JXTCONN(聚兴泰),12元聚兴泰品牌运费券,12,500,满500减12,freight,nolimit,4000,348
样品券,11898,KYX(凯越翔),10元凯越翔品牌运费券,10,100,满100减10,freight,nolimit,4000,264
样品券,15277,HanElectricity(瀚源),10元瀚源品牌运费券,10,500,满500减10,freight,nolimit,4000,338
样品券,12247,SURGING(绍鑫),10元绍鑫品牌运费券,10,100,满100减10,freight,nolimit,4000,270
样品券,15280,APV(爱普微),9元爱普微品牌运费券,9,55,满55减9,freight,nolimit,4000,359
样品券,15584,XBLW(芯伯乐),9元芯伯乐品牌运费券,9,50,满50减9,freight,nolimit,4000,378
样品券,18721,GMIC(绿微),9元绿微品牌运费券,9,50,满50减9,freight,nolimit,0,176
样品券,16108,BXCONN(宝讯),8元宝讯品牌运费券,8,100,满100减8,freight,nolimit,4000,272
样品券,12245,GOODWORK(固得沃克),8元固得沃克品牌运费券,8,88,满88减8,freight,nolimit,4000,489
样品券,12389,G-Switch(品赞),8元品赞品牌运费券,8,88,满88减8,freight,nolimit,4000,332
样品券,13437,HXY MOSFET(华轩阳电子),8元华轩阳电子品牌运费券,8,88,满88减8,freight,nolimit,4000,422
样品券,11687,XUNPU(讯普),8元讯普品牌运费券,8,88,满88减8,freight,nolimit,4000,471
样品券,15593,XYECONN(辛译),8元辛译品牌运费券,8,88,满88减8,freight,nolimit,4000,323
样品券,17129,HMTCONN(华明通),8元华明通品牌运费券,8,88,满88减8,freight,nolimit,4000,257
样品券,365,MetalLions(美铼),7元美铼品牌运费券,7,100,满100减7,freight,nolimit,0,167
样品券,11647,kinghelm(金航标),6元金航标品牌运费券,6,100,满100减6,freight,nolimit,4000,363
样品券,15464,LUTE(陆特),6元陆特品牌运费券,6,10,满10减6,freight,nolimit,4000,566
样品券,11955,SHOU HAN(首韩),6元首韩品牌运费券,6,30,满30减6,freight,nolimit,4000,732
样品券,14053,hanxia(韩下),6元韩下品牌运费券,6,20,满20减6,freight,nolimit,4000,576
样品券,12535,LEADER(立得),6元立得品牌运费券,6,20,满20减6,freight,nolimit,1000,299
样品券,15257,Lucki(蓝晶),6元蓝晶品牌运费券,6,50,满50减6,freight,nolimit,0,148
样品券,15920,LX(灵星芯微),6元灵星芯微品牌运费券,6,50,满50减6,freight,nolimit,0,181
样品券,164,MDD(辰达半导体),指定物料专属9折券,0,6,0元,discount,order,4000,342
样品券,27307,ChipNext(芯创意),芯创意品牌9折折扣券,0,100,0元,discount,order,4000,223
样品券,11566,HENIPER(恒浦),恒浦品牌9折折扣券,0,500,0元,discount,order,0,204
样品券,13426,ARK(方舟微),方舟微品牌9.5折折扣券,0,500,0元,discount,order,4000,224
样品券,11537,INGHAi(赢海),赢海品牌折扣券,0,1000,0元,discount,order,0,184
样品券,15376,HC(虹成电子),200元虹成电子品牌商品券,200,1000,满1000减200,product,order,4000,283
样品券,13046,FOJAN(富捷),150元富捷品牌商品券,150,1000,满1000减150,product,order,4000,831
样品券,15179,AGMSEMI(芯控源),150元芯控源品牌商品券,150,1000,满1000减150,product,order,4000,211
样品券,1195,SUNMATE(森美特),150元森美特品牌商品券,150,1000,满1000减150,product,order,4000,200
样品券,11837,YJYCOIN(益嘉源),150元益嘉源品牌商品券,150,1000,满1000减150,product,order,4000,257
样品券,11425,cjiang(长江微电),150元长江微电品牌商品券,150,1000,满1000减150,product,order,4000,386
样品券,11758,XDS(芯鼎盛),150元芯鼎盛品牌商品券,150,1000,满1000减150,product,order,4000,95
样品券,851,ROQANG(容强),120元容强品牌商品券,120,1000,满1000减120,product,order,4000,292
样品券,11681,GN(旌芯半导体),120元旌芯半导体品牌商品券,120,1000,满1000减120,product,order,4000,194
样品券,15309,SDAPO(达普),120元达普品牌商品券,120,2000,满2000减120,product,order,4000,170
样品券,18279,JIERR(捷而瑞),100元捷而瑞品牌商品券,100,1000,满1000减100,product,order,4000,365
样品券,11353,SXN(顺翔诺),100元顺翔诺品牌商品券,100,1000,满1000减100,product,order,4000,257
样品券,15352,R+O(宏嘉诚),100元宏嘉诚品牌商品券,100,1000,满1000减100,product,order,4000,427
样品券,12389,G-Switch(品赞),100元品赞品牌商品券,100,1000,满1000减100,product,order,4000,257
样品券,11687,XUNPU(讯普),100元讯普品牌商品券,100,2000,满2000减100,product,order,4000,338
样品券,15280,APV(爱普微),100元爱普微品牌商品券,100,300,满300减100,product,order,4000,268
样品券,12175,BAT WIRELESS(蝙蝠无线),100元蝙蝠无线品牌商品券,100,1000,满1000减100,product,order,4000,224
样品券,12021,CND-tek(磁联达),100元磁联达品牌商品券,100,1000,满1000减100,product,order,4000,224
样品券,16607,DOINGTER(杜因特),100元杜因特品牌商品券,100,1000,满1000减100,product,order,4000,221
样品券,12313,JSMSEMI(杰盛微),100元杰盛微品牌商品券,100,1000,满1000减100,product,order,4000,435
样品券,13374,JUXING(钜兴),100元钜兴品牌商品券,100,500,满500减100,product,order,4000,218
样品券,11647,kinghelm(金航标),100元金航标品牌商品券,100,1000,满1000减100,product,order,4000,277
样品券,12108,KNSCHA(科尼盛),100元科尼盛品牌商品券,100,1000,满1000减100,product,order,4000,443
样品券,1218,SOFNG(硕方),100元硕方品牌商品券,100,1000,满1000减100,product,order,4000,215
样品券,12241,TECH PUBLIC(台舟),100元台舟品牌商品券,100,1000,满1000减100,product,order,4000,402
样品券,11722,XKB Connection(中国星坤),100元中国星坤品牌商品券,100,500,满500减100,product,order,4000,395
样品券,12580,欧思科光电,100元欧思科光电品牌商品券,100,1000,满1000减100,product,order,4000,197
样品券,11393,BORN(伯恩半导体),100元伯恩半导体品牌商品券,100,1000,满1000减100,product,order,4000,278
样品券,13045,FOSAN(富捷/富信),100元富信品牌商品券,100,1000,满1000减100,product,order,4000,265
样品券,1056,SRD(圣融达),100元圣融达品牌商品券,100,1000,满1000减100,product,order,4000,205
样品券,12732,HCTL(华灿天禄),100元华灿天禄品牌商品券,100,1000,满1000减100,product,order,0,320
样品券,349,JS(钜硕电子),100元钜硕电子品牌商品券,100,1000,满1000减100,product,order,0,274
样品券,941,WINSOK(微硕),100元微硕品牌指定类目商品券,100,300,满300减100,product,order,0,186
样品券,832,HK(航顺),100元航顺品牌商品券,100,1000,满1000减100,product,order,0,127
样品券,17513,ChengTao(诚韬),80元诚韬品牌商品券,80,300,满300减80,product,order,4000,212
样品券,15267,XR(祥如),80元祥如品牌商品券,80,300,满300减80,product,order,4000,286
样品券,24398,FAUKU(高芯电子),80元高芯电子品牌商品券,80,300,满300减80,product,order,4000,204
样品券,16222,SiChange(芯昌科技),80元芯昌科技品牌商品券,80,1000,满1000减80,product,order,1000,173
样品券,13136,FC(方成),60元方成品牌商品券,60,600,满600减60,product,order,4000,207
样品券,947,韩国韩荣,60元韩国韩荣品牌商品券,60,500,满500减60,product,order,4000,291
样品券,12581,晶扬电子,60元晶扬电子品牌商品券,60,300,满300减60,product,order,4000,187
样品券,11735,精拓金,60元精拓金品牌商品券,60,1000,满1000减60,product,order,4000,192
样品券,15954,FOLLON(富隆电子),50元富隆电子品牌商品券,50,200,满200减50,product,order,4000,215
样品券,12131,Milliohm(毫欧),50元毫欧品牌商品券,50,500,满500减50,product,order,4000,288
样品券,12498,DMBJ(振宝佳),50元振宝佳品牌商品券,50,300,满300减50,product,order,4000,215
样品券,11597,STE(松田),50元松田品牌商品券,50,300,满300减50,product,order,4000,273
样品券,15352,R+O(宏嘉诚),50元宏嘉诚品牌商品券,50,200,满200减50,product,order,4000,622
样品券,15765,DLL(德利),50元德利品牌商品券,50,300,满300减50,product,order,4000,242
样品券,12329,Amicc(欧密格光电),50元欧密格光电品牌商品券,50,300,满300减50,product,order,4000,228
样品券,15783,AOTE(奥特),50元奥特品牌商品券,50,500,满500减50,product,order,4000,280
样品券,11964,DORABO(地博电气),50元地博电气品牌商品券,50,300,满300减50,product,order,4000,303
样品券,18256,Econd(米朗电子),50元米朗电子品牌商品券,50,200,满200减50,product,order,4000,220
样品券,12245,GOODWORK(固得沃克),50元固得沃克品牌商品券,50,200,满200减50,product,order,4000,455
样品券,15538,Bossie(博锡),50元博锡品牌商品券,50,500,满500减50,product,order,4000,242
样品券,11602,Coilank(驰兴电感),50元驰兴电感品牌商品券,50,200,满200减50,product,order,4000,261
样品券,12406,FUXINSEMI(富芯森美),50元富芯森美品牌商品券,50,500,满500减50,product,order,4000,278
样品券,12343,HEERMICR(赫尔半导体),50元赫尔半导体品牌商品券,50,200,满200减50,product,order,4000,204
样品券,16616,Hengtuo(恒拓电子),50元恒拓电子品牌商品券,50,500,满500减50,product,order,4000,201
样品券,15271,HenryTech(恒利泰),50元恒利泰品牌商品券,50,200,满200减50,product,order,4000,227
样品券,991,HONOR(荣誉),50元荣誉品牌商品券,50,200,满200减50,product,order,4000,268
样品券,13437,HXY MOSFET(华轩阳电子),50元华轩阳电子品牌商品券,50,200,满200减50,product,order,4000,379
样品券,419,JDTfuse(集电通),50元集电通品牌商品券,50,200,满200减50,product,order,4000,253
样品券,11954,JETEKPS(健特),50元健特品牌商品券,50,300,满300减50,product,order,4000,193
样品券,15464,LUTE(陆特),50元陆特品牌商品券,50,200,满200减50,product,order,4000,270
样品券,15340,Megastar(兆星),50元兆星品牌商品券,50,500,满500减50,product,order,4000,338
样品券,15356,NH(纽航),50元纽航品牌商品券,50,500,满500减50,product,order,4000,217
样品券,17208,Nyfea(徕飞),50元徕飞品牌商品券,50,200,满200减50,product,order,4000,223
样品券,1117,RUILON(瑞隆源),50元瑞隆源品牌商品券,50,500,满500减50,product,order,4000,339
样品券,15945,Siliup(矽普),50元矽普品牌商品券,50,500,满500减50,product,order,4000,252
样品券,12464,Starwave(思大),50元思大品牌商品券,50,500,满500减50,product,order,4000,221
样品券,11541,TOGIALED(统佳),50元统佳品牌商品券,50,200,满200减50,product,order,4000,240
样品券,12297,TUOZHAN(拓展光电),50元拓展光电品牌商品券,50,500,满500减50,product,order,4000,251
样品券,15171,WingTAT(格林柏),50元格林柏品牌商品券,50,500,满500减50,product,order,4000,220
样品券,15584,XBLW(芯伯乐),50元芯伯乐品牌商品券,50,500,满500减50,product,order,4000,300
样品券,12469,XINGLIGHT(成兴光),50元成兴光品牌商品券,50,500,满500减50,product,order,4000,372
样品券,12510,YFW(佑风微),50元佑风微品牌商品券,50,500,满500减50,product,order,4000,241
样品券,16617,ZGWD(温达电子),50元温达电子品牌商品券,50,500,满500减50,product,order,1000,208
样品券,966,国星光电,50元国星光电品牌商品券,50,200,满200减50,product,order,4000,286
样品券,12454,众驰电子,50元众驰电子品牌商品券,50,200,满200减50,product,order,4000,208
样品券,11854,baocheng(宝乘),50元宝乘品牌商品券,50,200,满200减50,product,order,4000,229
样品券,12606,BNstar(比诺星),50元比诺星品牌商品券,50,200,满200减50,product,order,4000,215
样品券,27274,ES(恩盛),50元恩盛品牌商品券,50,500,满500减50,product,order,4000,196
样品券,164,MDD(辰达半导体),50元MDD品牌商品券,50,500,满500减50,product,order,4000,432
样品券,15342,SILION(芯联创展),50元芯联创展品牌商品券,50,300,满300减50,product,order,4000,201
样品券,13141,DDY(德立),50元德立品牌指定类目商品券,50,300,满300减50,product,order,4000,208
样品券,12025,HANBO(汉博),50元汉博品牌商品券,50,500,满500减50,product,order,4000,250
样品券,11761,RESI(开步睿思),50元开步睿思品牌商品券,50,500,满500减50,product,order,4000,286
样品券,13390,HRE(芯声),50元芯声品牌商品券,50,5000,满5000减50,product,order,4000,364
样品券,13493,Zhengxin(正芯),50元正芯品牌商品券,50,300,满300减50,product,order,4000,318
样品券,12353,CAX(创都),50元创都品牌商品券,50,500,满500减50,product,order,0,208
样品券,1262,Ckmtw(灿科盟),50元灿科盟品牌商品券,50,500,满500减50,product,order,0,244
样品券,1186,CYT(长运通),50元长运通品牌商品券,50,500,满500减50,product,order,2000,179
样品券,24427,GUOCONN(国连),50元国连品牌商品券,50,500,满500减50,product,order,4000,190
样品券,15592,KTP(科泰普),50元科泰普品牌商品券,50,500,满500减50,product,order,2000,211
样品券,24071,SPEIPM(吉林华微斯帕克),50元吉林华微斯帕克品牌商品券,50,200,满200减50,product,order,0,182
样品券,12612,SUPSiC(国晶微半导体),50元国晶微半导体品牌商品券,50,500,满500减50,product,order,0,210
样品券,1181,YJX(雅晶鑫),50元雅晶鑫品牌商品券,50,500,满500减50,product,order,2000,242
样品券,15459,JNJOPTO(强生光电),50元强生光电品牌商品券,50,500,满500减50,product,order,4000,188
样品券,16094,TDSEMIC(拓电半导体),50元拓电半导体品牌商品券,50,500,满500减50,product,order,0,227
样品券,12574,ROCPU Switches(台普),50元台普品牌商品券,50,200,满200减50,product,order,0,176
样品券,12317,FTR(乔光电子),50元乔光电子品牌商品券,50,1000,满1000减50,product,order,4000,148
样品券,15535,XUNDA(讯答),50元讯答品牌商品券,50,500,满500减50,product,order,4000,106
样品券,14038,ElecSuper(静芯),50元静芯品牌商品券,50,200,满200减50,product,order,4000,143
样品券,17325,MEGSINE(兆讯),50元兆讯品牌商品券,50,500,满500减50,product,order,0,100
样品券,16003,techphant(技象科技),40元技象科技品牌商品券,40,60,满60减40,product,order,4000,313
样品券,11930,MK(米客方德),40元米客方德品牌商品券,40,600,满600减40,product,order,4000,236
样品券,24398,FAUKU(高芯电子),40元高芯电子品牌商品券,40,100,满100减40,product,order,4000,245
样品券,13495,JARSON(伽盛),40元伽盛品牌商品券,40,100,满100减40,product,order,0,189
样品券,11743,LGE(鲁光),35元鲁光品牌商品券,35,100,满100减35,product,order,4000,288
样品券,15453,EVISUN(易成),35元易成品牌商品券,35,500,满500减35,product,order,4000,234
样品券,13178,TDD(台冠电子),35元台冠电子品牌商品券,35,100,满100减35,product,order,4000,229
样品券,13306,YLPTEC(易川),35元易川品牌商品券,35,500,满500减35,product,order,4000,270
样品券,11880,MINTRON(明硕),35元明硕品牌商品券,35,100,满100减35,product,order,0,221
样品券,18279,JIERR(捷而瑞),30元捷而瑞品牌商品券,30,200,满200减30,product,order,4000,510
样品券,15503,HYDZ(华宇),30元华宇品牌商品券,30,500,满500减30,product,order,4000,209
样品券,15863,ACMECON(鼎容),30元鼎容品牌商品券,30,300,满300减30,product,order,4000,204
样品券,11478,KANGNEX(康奈克斯电气),30元康奈克斯电气品牌商品券,30,300,满300减30,product,order,4000,268
样品券,12006,UMaxconn(友贸),30元友贸品牌商品券,30,500,满500减30,product,order,4000,234
样品券,17409,XNRUSEMI(新锐),30元新锐品牌商品券,30,300,满300减30,product,order,4000,251
样品券,12424,BHFUSE(佰宏),30元佰宏品牌商品券,30,200,满200减30,product,order,4000,282
样品券,15742,cntitle(中戈泰斗),30元中戈泰斗品牌商品券,30,200,满200减30,product,order,4000,229
样品券,12635,FG(富港),30元富港品牌商品券,30,200,满200减30,product,order,4000,253
样品券,15277,HanElectricity(瀚源),30元瀚源品牌商品券,30,200,满200减30,product,order,4000,332
样品券,14053,hanxia(韩下),30元韩下品牌商品券,30,200,满200减30,product,order,4000,380
样品券,11834,HOAUC(华宇创),30元华宇创品牌商品券,30,300,满300减30,product,order,4000,239
样品券,13318,Huixin(慧芯),30元慧芯品牌商品券,30,200,满200减30,product,order,4000,214
样品券,26727,LINGQIANG(领强),30元领强品牌商品券,30,100,满100减30,product,order,4000,217
样品券,12139,Liown(里阳半导体),30元里阳半导体品牌商品券,30,200,满200减30,product,order,4000,228
样品券,15752,LKWIC(瓴科微),30元瓴科微品牌商品券,30,100,满100减30,product,order,4000,219
样品券,11956,LX(连线电子),30元连线电子品牌商品券,30,200,满200减30,product,order,4000,211
样品券,365,MetalLions(美铼),30元美铼品牌商品券,30,200,满200减30,product,order,4000,244
样品券,12072,PROD(谱罗德),30元谱罗德品牌商品券,30,200,满200减30,product,order,4000,276
样品券,1138,SHIKUES(时科),30元时科品牌商品券,30,200,满200减30,product,order,4000,233
样品券,11955,SHOU HAN(首韩),30元首韩品牌商品券,30,500,满500减30,product,order,4000,474
样品券,12685,SOREDE(索瑞达),30元索瑞达品牌商品券,30,200,满200减30,product,order,4000,214
样品券,12137,SPTECH(深圳质超),30元深圳质超品牌商品券,30,300,满300减30,product,order,4000,205
样品券,12247,SURGING(绍鑫),30元绍鑫品牌商品券,30,200,满200减30,product,order,4000,226
样品券,27056,TDO(冠显光电),30元冠显光电品牌商品券,30,200,满200减30,product,order,4000,196
样品券,16038,Tudi(钍地半导体),30元钍地半导体品牌商品券,30,100,满100减30,product,order,4000,224
样品券,12761,WF(伟烽),30元伟烽品牌商品券,30,200,满200减30,product,order,4000,200
样品券,12130,XFCN(兴飞),30元兴飞品牌商品券,30,200,满200减30,product,order,4000,409
样品券,12113,yezhan(业展),30元业展品牌商品券,30,200,满200减30,product,order,4000,215
样品券,13025,YONGYUTAI(永裕泰),30元永裕泰品牌商品券,30,300,满300减30,product,order,4000,265
样品券,26864,YWF(宇文发),30元宇文发品牌商品券,30,100,满100减30,product,order,4000,204
样品券,12520,ZHIDE(志得),30元志得品牌商品券,30,200,满200减30,product,order,4000,201
样品券,13447,康深,30元康深品牌商品券,30,200,满200减30,product,order,4000,211
样品券,25051,LXWCONN(连兴旺电子),30元连兴旺电子品牌商品券,30,300,满300减30,product,order,4000,222
样品券,11948,Leiditech(雷卯电子),30元雷卯电子品牌商品券,30,200,满200减30,product,order,4000,233
工业品,,,10元工业品运费券,10,100,满100减10,mro_freight,nolimit,4000,1630
工业品,15210,micsig(麦科信),1000元麦科信品牌工业品券,1000,10000,满10000减1000,product,nolimit,1000,282
工业品,15210,micsig(麦科信),500元麦科信品牌工业品券,500,5000,满5000减500,product,nolimit,1000,257
工业品,15210,micsig(麦科信),300元麦科信品牌工业品券,300,3000,满3000减300,product,nolimit,1000,249
工业品,27125,JAN(捷安),300元捷安品牌工业品券,300,2000,满2000减300,product,nolimit,1000,234
工业品,16013,MyAntenna(摩天射频),200元摩天射频品牌工业品券,200,1000,满1000减200,product,nolimit,10000,231
工业品,18262,CHAOCHUANG(超创),200元超创品牌工业品券,200,3000,满3000减200,product,nolimit,2000,219
工业品,15210,micsig(麦科信),100元麦科信品牌工业品券,100,1000,满1000减100,product,nolimit,1000,215
工业品,27125,JAN(捷安),100元捷安品牌工业品券,100,1000,满1000减100,product,nolimit,1000,211
工业品,25626,Fjordsense(峡感),100元峡感品牌工业品券,100,1500,满1500减100,product,nolimit,1000,206
工业品,26991,WDWL(万德),80元万德品牌工业品券,80,1000,满1000减80,product,nolimit,10000,210
工业品,18865,VRK(威尔克),80元威尔克品牌工业品券,80,500,满500减80,product,nolimit,1000,205
工业品,,,60元工业品商品券,60,2000,满2000减60,product,nolimit,2000,1023
工业品,11834,HOAUC(华宇创),60元华宇创品牌工业品券,60,500,满500减60,product,nolimit,2000,205
工业品,18656,JINGXINGTIANCI(净行天磁),60元净行天磁品牌工业品券,60,2000,满2000减60,product,nolimit,2000,202
工业品,24091,XHHD(新宏辉达),50元新宏辉达品牌工业品券,50,500,满500减50,product,nolimit,2000,205
工业品,27125,JAN(捷安),50元捷安品牌工业品券,50,500,满500减50,product,nolimit,1000,199
工业品,1029,AMASS(艾迈斯),50元艾迈斯品牌工业品券,50,1000,满1000减50,product,nolimit,3000,229
工业品,18604,JHT,50元JHT品牌工业品券,50,1000,满1000减50,product,nolimit,2000,196
工业品,11930,MK(米客方德),40元米客方德品牌工业品券,40,300,满300减40,product,nolimit,10000,218
工业品,,,30元工业品商品券,30,1000,满1000减30,product,nolimit,2000,1128
工业品,26991,WDWL(万德),30元万德品牌工业品券,30,500,满500减30,product,nolimit,10000,199
工业品,12388,STEIPU(斯泰普),30元斯泰普品牌工业品券,30,1000,满1000减30,product,nolimit,1000,201
工业品,18865,VRK(威尔克),30元威尔克品牌工业品券,30,200,满200减30,product,nolimit,1000,203
工业品,17310,SDTRUVAL(信德),30元信德品牌工业品券,30,200,满200减30,product,nolimit,10000,205
工业品,18649,YIZHI(逸致),30元逸致品牌工业品券,30,500,满500减30,product,nolimit,2000,205
工业品,16624,JXTCONN(聚兴泰),30元聚兴泰品牌工业品券,30,300,满300减30,product,nolimit,3000,253
工业品,18656,JINGXINGTIANCI(净行天磁),30元净行天磁品牌工业品券,30,1000,满1000减30,product,nolimit,2000,195
工业品,,,30元工业品商品券,30,300,满300减30,product,nolimit,3000,1174
工业品,16013,MyAntenna(摩天射频),30元摩天射频品牌工业品券,30,300,满300减30,product,nolimit,10000,203
工业品,,,20元工业品商品券,20,200,满200减20,product,nolimit,3000,1056
工业品,26991,WDWL(万德),20元万德品牌工业品券,20,200,满200减20,product,nolimit,10000,211
工业品,27125,JAN(捷安),20元捷安品牌工业品券,20,200,满200减20,product,nolimit,1000,204
工业品,11930,MK(米客方德),20元米客方德品牌工业品券,20,100,满100减20,product,nolimit,10000,222
工业品,15964,canfeng(灿峰),20元灿峰品牌工业品券,20,200,满200减20,product,nolimit,2000,203
工业品,18367,YUFENG(裕峰),20元裕峰品牌工业品券,20,200,满200减20,product,nolimit,2000,201
工业品,,,15元工业品商品券,15,500,满500减15,product,nolimit,3000,1302
工业品,16013,MyAntenna(摩天射频),15元摩天射频品牌工业品券,15,16,满16减15,product,nolimit,10000,787
工业品,18481,Recci(锐思),15元锐思品牌工业品券,15,200,满200减15,product,nolimit,1000,237
工业品,12388,STEIPU(斯泰普),<品牌新人>15元斯泰普品牌工业品券,15,16,满16减15,product,nolimit,1000,649
工业品,11962,XMXW(芯网),<品牌新人>15元芯网品牌工业品券,15,16,满16减15,product,nolimit,1000,615
工业品,16051,伊万视波,15元伊万视波品牌工业品券,15,100,满100减15,product,nolimit,2000,235
工业品,15964,canfeng(灿峰),15元灿峰品牌工业品券,15,16,满16减15,product,nolimit,2000,844
工业品,18649,YIZHI(逸致),15元逸致品牌工业品券,15,16,满16减15,product,nolimit,2000,906
工业品,16624,JXTCONN(聚兴泰),15元聚兴泰品牌工业品券,15,16,满16减15,product,nolimit,3000,927
工业品,11834,HOAUC(华宇创),15元华宇创品牌工业品券,15,16,满16减15,product,nolimit,2000,917
工业品,12472,MYOUNG(美阳),15元美阳品牌工业品券,15,20,满20减15,product,nolimit,3000,545
工业品,18656,JINGXINGTIANCI(净行天磁),15元净行天磁品牌工业品券,15,500,满500减15,product,nolimit,2000,222
工业品,18367,YUFENG(裕峰),15元裕峰品牌工业品券,15,16,满16减15,product,nolimit,2000,782
工业品,18865,VRK(威尔克),12元威尔克品牌工业品券,12,100,满100减12,product,nolimit,1000,208
工业品,,,10元工业品商品券,10,200,满200减10,product,nolimit,3000,1619
工业品,,,10元工业品商品券,10,50,满50减10,product,nolimit,3000,1468
工业品,18805,dytape,10元dytape品牌工业品券,10,100,满100减10,product,nolimit,2000,207
工业品,25019,HUIYA(汇亚),10元汇亚品牌工业品券,10,100,满100减10,product,nolimit,1000,205
工业品,25021,UOWO(优沃),10元优沃品牌工业品券,10,100,满100减10,product,nolimit,1000,209
工业品,15210,micsig(麦科信),10元麦科信品牌工业品券,10,11,满11减10,product,nolimit,1000,562
工业品,16052,e+erne(伊万仪通),10元伊万仪通品牌工业品券,10,100,满100减10,product,nolimit,2000,207
工业品,14981,FLYOUNG(远阳),10元远阳品牌工业品券,10,30,满30减10,product,nolimit,2000,319
工业品,18262,CHAOCHUANG(超创),10元超创品牌工业品券,10,30,满30减10,product,nolimit,2000,270
工业品,12474,BZXC(博众新材),<品牌新人>9元博众新材品牌工业品券,9,10,满10减9,product,nolimit,1000,497
工业品,11721,XSD(鑫顺达),<品牌新人>9元鑫顺达品牌工业品券,9,10,满10减9,product,nolimit,1000,608
工业品,18656,JINGXINGTIANCI(净行天磁),9元净行天磁品牌工业品券,9,10,满10减9,product,nolimit,2000,583
工业品,24091,XHHD(新宏辉达),6元新宏辉达品牌工业品券,6,10,满10减6,product,nolimit,2000,322
工业品,15964,canfeng(灿峰),6元灿峰品牌工业品券,6,10,满10减6,product,nolimit,2000,299
工业品,18367,YUFENG(裕峰),6元裕峰品牌工业品券,6,10,满10减6,product,nolimit,2000,294
工业品,18805,dytape,5元dytape品牌工业品券,5,50,满50减5,product,nolimit,2000,221
工业品,25019,HUIYA(汇亚),5元汇亚品牌工业品券,5,30,满30减5,product,nolimit,1000,222
工业品,25021,UOWO(优沃),5元优沃品牌工业品券,5,30,满30减5,product,nolimit,1000,223
工业品,12388,STEIPU(斯泰普),5元斯泰普品牌工业品券,5,50,满50减5,product,nolimit,1000,219
工业品,12474,BZXC(博众新材),5元博众新材品牌工业品券,5,50,满50减5,product,nolimit,1000,233
工业品,15458,yiyuanxny(广东怡远),5元广东怡远品牌工业品券,5,50,满50减5,product,nolimit,1000,222
工业品,18865,VRK(威尔克),5元威尔克品牌工业品券,5,10,满10减5,product,nolimit,1000,271
工业品,18865,VRK(威尔克),5元威尔克品牌工业品券,5,50,满50减5,product,nolimit,1000,215
工业品,18604,JHT,5元JHT品牌工业品券,5,100,满100减5,product,nolimit,2000,216
工业品,17397,TRELIN(创联),5元创联品牌工业品券,5,10,满10减5,product,nolimit,10000,289
工业品,12474,BZXC(博众新材),3元博众新材品牌工业品券,3,10,满10减3,product,nolimit,1000,281
工业品,15458,yiyuanxny(广东怡远),3元广东怡远品牌工业品券,3,10,满10减3,product,nolimit,1000,272
工业品,17308,健策,1元健策品牌工业品券,1,27,满27减1,product,nolimit,2000,230
更多优惠券,,,7元天天团运费券丨仅移动端可用,7,0.01,满0.01减7,freight,nolimit,0,6881
14,,,实付8元面板免邮券,8,8,满8减8,freight,nolimit,0,4916
PLUS,15584,XBLW(芯伯乐),<芯伯乐>20元PLUS专属券,20,21,满21减20,product,nolimit,4000,539
PLUS,15340,Megastar(兆星),<兆星>20元PLUS专属券,20,21,满21减20,product,nolimit,4000,551
PLUS,164,MDD(辰达半导体),<MDD>80元PLUS专属券,80,1000,满1000减80,product,nolimit,4000,340
PLUS,12021,CND-tek(磁联达),<磁联达>75元PLUS专属券,75,500,满500减75,product,nolimit,4000,245
PLUS,11425,cjiang(长江微电),<长江微电>9.5折PLUS专属券,0,1,0元,discount,nolimit,4000,381
PLUS,13437,HXY MOSFET(华轩阳电子),<华轩阳电子>9.5折PLUS专属券,0,1,0元,discount,nolimit,4000,296
PLUS,966,国星光电,<国星光电>9.5折PLUS专属券,0,1,0元,discount,nolimit,4000,257
PLUS,15538,Bossie(博锡),<博锡>9.5折PLUS专属券,0,1,0元,discount,nolimit,4000,221
PLUS,15353,CAZN(正成),<正成>9折PLUS专属券,0,1,0元,discount,nolimit,4000,221
